-- MySQL Administrator dump 1.4
--
-- ------------------------------------------------------
-- Server version	5.1.30-community


/*!40101 SET @OLD_CHARACTER_SET_CLIENT=@@CHARACTER_SET_CLIENT */;
/*!40101 SET @OLD_CHARACTER_SET_RESULTS=@@CHARACTER_SET_RESULTS */;
/*!40101 SET @OLD_COLLATION_CONNECTION=@@COLLATION_CONNECTION */;
/*!40101 SET NAMES utf8 */;

/*!40014 SET @OLD_UNIQUE_CHECKS=@@UNIQUE_CHECKS, UNIQUE_CHECKS=0 */;
/*!40014 SET @OLD_FOREIGN_KEY_CHECKS=@@FOREIGN_KEY_CHECKS, FOREIGN_KEY_CHECKS=0 */;
/*!40101 SET @OLD_SQL_MODE=@@SQL_MODE, SQL_MODE='NO_AUTO_VALUE_ON_ZERO' */;


--
-- Create schema myairline
--

CREATE DATABASE IF NOT EXISTS myairline;
USE myairline;

--
-- Definition of table `airport`
--

DROP TABLE IF EXISTS `airport`;
CREATE TABLE `airport` (
  `airport_code` varchar(3) NOT NULL DEFAULT '',
  `name` varchar(150) NOT NULL,
  `city` varchar(20) NOT NULL,
  `state` varchar(20) DEFAULT NULL,
  PRIMARY KEY (`airport_code`)
) ENGINE=InnoDB DEFAULT CHARSET=latin1;

--
-- Dumping data for table `airport`
--

/*!40000 ALTER TABLE `airport` DISABLE KEYS */;
INSERT INTO `airport` (`airport_code`,`name`,`city`,`state`) VALUES 
 ('ATL','Hartsfield Jackson Atlanta International','Atlanta','GA'),
 ('AUS','Austin Bergstrom International','Austin','TX'),
 ('BNA','Nashville International','Nashville','TN'),
 ('BOS','General Edward Lawrence Logan International','Boston','MA'),
 ('BWI','Baltimore/Washington International Thurgood Marshall','Baltimore','MD'),
 ('CLE','Cleveland Hopkins International','Cleveland','OH'),
 ('CLT','Charlotte Douglas International','Charlotte','NC'),
 ('DCA','Ronald Reagan Washington National','Washington','DC'),
 ('DEN','Denver International','Denver','CO'),
 ('DFW','Dallas Fort Worth International','Dallas-Fort Worth','TX'),
 ('DTW','Detroit Metropolitan Wayne County','Detroit','MI'),
 ('EWR','Newark Liberty International','Newark','NJ'),
 ('FLL','Fort Lauderdale Hollywood International','Fort Lauderdale','FL'),
 ('HNL','Honolulu International','Honolulu','HI'),
 ('HOU','William P Hobby','Houston','TX'),
 ('IAD','Washington Dulles International','Washington','MD'),
 ('IAH','George Bush Intercontinental Houston','Houston','TX'),
 ('JFK','John F Kennedy International','New York','NY'),
 ('LAS','McCarran International','Las Vegas','NV'),
 ('LAX','Los Angeles International','Los Angeles','CA'),
 ('LGA','La Guardia','New York','NY'),
 ('MCI','Kansas City International','Kansas City','MO'),
 ('MCO','Orlando International','Orlando','FL'),
 ('MDW','Chicago Midway International','Chicago','IL'),
 ('MIA','Miami International','Miami','FL'),
 ('MSP','Minneapolis-St Paul International/Wold-Chamberlain','Minneapolis','MN'),
 ('OAK','Metropolitan Oakland International','Oakland','CA'),
 ('ORD','Chicago O\'Hare International','Chicago','IL'),
 ('PDX','Portland International','Portland','OR'),
 ('PHL','Philadelphia International','Philadelphia','PA'),
 ('PHX','Phoenix Sky Harbor International','Phoenix','AZ'),
 ('RDU','Raleigh Durham International','Raleigh/Durham','NC'),
 ('SAN','San Diego International','San Diego','CA'),
 ('SEA','Seattle Tacoma International','Seattle','WA'),
 ('SFO','San Francisco International','San Francisco','CA'),
 ('SLC','Salt Lake City International','Salt Lake City','UT'),
 ('SMF','Sacramento International','Sacramento','CA'),
 ('SNA','John Wayne-Orange County','Santa Ana','CA'),
 ('STL','Lambert St Louis International','St Louis','MO'),
 ('TPA','Tampa International','Tampa','FL');
/*!40000 ALTER TABLE `airport` ENABLE KEYS */;


--
-- Definition of table `fare`
--

DROP TABLE IF EXISTS `fare`;
CREATE TABLE `fare` (
  `flight_number` varchar(4) NOT NULL DEFAULT '',
  `fare_code` varchar(20) NOT NULL DEFAULT '',
  `amount` decimal(10,2) NOT NULL,
  `restrictions` varchar(20) NOT NULL DEFAULT '',
  PRIMARY KEY (`flight_number`,`fare_code`,`restrictions`)
) ENGINE=InnoDB DEFAULT CHARSET=latin1;

--
-- Dumping data for table `fare`
--

/*!40000 ALTER TABLE `fare` DISABLE KEYS */;
INSERT INTO `fare` (`flight_number`,`fare_code`,`amount`,`restrictions`) VALUES 
 ('100','business','584.00','refundable'),
 ('100','coach','364.00','non-refundable'),
 ('100','coach','414.00','refundable'),
 ('100','first_class','968.00','non-refundable'),
 ('100','first_class','1068.00','refundable'),
 ('1001','business','569.00','non-refundable'),
 ('1001','business','644.00','refundable'),
 ('1001','coach','380.00','non-refundable'),
 ('1001','coach','430.00','refundable'),
 ('1001','first_class','911.00','non-refundable'),
 ('1001','first_class','1011.00','refundable'),
 ('1003','business','502.00','non-refundable'),
 ('1003','business','577.00','refundable'),
 ('1003','coach','223.00','non-refundable'),
 ('1003','coach','273.00','refundable'),
 ('1003','first_class','852.00','non-refundable'),
 ('1003','first_class','952.00','refundable'),
 ('1008','business','636.00','non-refundable'),
 ('1008','business','711.00','refundable'),
 ('1008','coach','382.00','non-refundable'),
 ('1008','coach','432.00','refundable'),
 ('1008','first_class','906.00','non-refundable'),
 ('1008','first_class','1006.00','refundable'),
 ('1009','business','638.00','non-refundable'),
 ('1009','business','713.00','refundable'),
 ('1009','coach','295.00','non-refundable'),
 ('1009','coach','345.00','refundable'),
 ('1009','first_class','874.00','non-refundable'),
 ('1009','first_class','974.00','refundable'),
 ('1010','business','599.00','non-refundable'),
 ('1010','business','674.00','refundable'),
 ('1010','coach','398.00','non-refundable'),
 ('1010','coach','448.00','refundable'),
 ('1010','first_class','980.00','non-refundable'),
 ('1010','first_class','1080.00','refundable'),
 ('1011','business','609.00','non-refundable'),
 ('1011','business','684.00','refundable'),
 ('1011','coach','378.00','non-refundable'),
 ('1011','coach','428.00','refundable'),
 ('1011','first_class','907.00','non-refundable'),
 ('1011','first_class','1007.00','refundable'),
 ('1015','business','569.00','non-refundable'),
 ('1015','business','644.00','refundable'),
 ('1015','coach','233.00','non-refundable'),
 ('1015','coach','283.00','refundable'),
 ('1015','first_class','873.00','non-refundable'),
 ('1015','first_class','973.00','refundable'),
 ('1016','business','677.00','non-refundable'),
 ('1016','business','752.00','refundable'),
 ('1016','coach','290.00','non-refundable'),
 ('1016','coach','340.00','refundable'),
 ('1016','first_class','818.00','non-refundable'),
 ('1016','first_class','918.00','refundable'),
 ('1019','business','675.00','non-refundable'),
 ('1019','business','750.00','refundable'),
 ('1019','coach','267.00','non-refundable'),
 ('1019','coach','317.00','refundable'),
 ('1019','first_class','851.00','non-refundable'),
 ('1019','first_class','951.00','refundable'),
 ('1020','business','698.00','non-refundable'),
 ('1020','business','773.00','refundable'),
 ('1020','coach','395.00','non-refundable'),
 ('1020','coach','445.00','refundable'),
 ('1020','first_class','943.00','non-refundable'),
 ('1020','first_class','1043.00','refundable'),
 ('1024','business','667.00','non-refundable'),
 ('1024','business','742.00','refundable'),
 ('1024','coach','363.00','non-refundable'),
 ('1024','coach','413.00','refundable'),
 ('1024','first_class','892.00','non-refundable'),
 ('1024','first_class','992.00','refundable'),
 ('103','business','609.00','non-refundable'),
 ('103','business','684.00','refundable'),
 ('103','coach','392.00','non-refundable'),
 ('103','coach','442.00','refundable'),
 ('103','first_class','958.00','non-refundable'),
 ('103','first_class','1058.00','refundable'),
 ('1031','business','684.00','non-refundable'),
 ('1031','business','759.00','refundable'),
 ('1031','coach','344.00','non-refundable'),
 ('1031','coach','394.00','refundable'),
 ('1031','first_class','868.00','non-refundable'),
 ('1031','first_class','968.00','refundable'),
 ('1037','business','594.00','non-refundable'),
 ('1037','business','669.00','refundable'),
 ('1037','coach','288.00','non-refundable'),
 ('1037','coach','338.00','refundable'),
 ('1037','first_class','803.00','non-refundable'),
 ('1037','first_class','903.00','refundable'),
 ('1038','business','617.00','non-refundable'),
 ('1038','business','692.00','refundable'),
 ('1038','coach','290.00','non-refundable'),
 ('1038','coach','340.00','refundable'),
 ('1038','first_class','954.00','non-refundable'),
 ('1038','first_class','1054.00','refundable'),
 ('1039','business','520.00','non-refundable'),
 ('1039','business','595.00','refundable'),
 ('1039','coach','292.00','non-refundable'),
 ('1039','coach','342.00','refundable'),
 ('1039','first_class','828.00','non-refundable'),
 ('1039','first_class','928.00','refundable'),
 ('1041','business','639.00','non-refundable'),
 ('1041','business','714.00','refundable'),
 ('1041','coach','312.00','non-refundable'),
 ('1041','coach','362.00','refundable'),
 ('1041','first_class','965.00','non-refundable'),
 ('1041','first_class','1065.00','refundable'),
 ('1043','business','589.00','non-refundable'),
 ('1043','business','664.00','refundable'),
 ('1043','coach','361.00','non-refundable'),
 ('1043','coach','411.00','refundable'),
 ('1043','first_class','996.00','non-refundable'),
 ('1043','first_class','1096.00','refundable'),
 ('1045','business','643.00','non-refundable'),
 ('1045','business','718.00','refundable'),
 ('1045','coach','375.00','non-refundable'),
 ('1045','coach','425.00','refundable'),
 ('1045','first_class','991.00','non-refundable'),
 ('1045','first_class','1091.00','refundable'),
 ('1047','business','622.00','non-refundable'),
 ('1047','business','697.00','refundable'),
 ('1047','coach','210.00','non-refundable'),
 ('1047','coach','260.00','refundable'),
 ('1047','first_class','898.00','non-refundable'),
 ('1047','first_class','998.00','refundable'),
 ('1060','business','680.00','non-refundable'),
 ('1060','business','755.00','refundable'),
 ('1060','coach','201.00','non-refundable'),
 ('1060','coach','251.00','refundable'),
 ('1060','first_class','999.00','non-refundable'),
 ('1060','first_class','1099.00','refundable'),
 ('1062','business','543.00','non-refundable'),
 ('1062','business','618.00','refundable'),
 ('1062','coach','312.00','non-refundable'),
 ('1062','coach','362.00','refundable'),
 ('1062','first_class','926.00','non-refundable'),
 ('1062','first_class','1026.00','refundable'),
 ('1063','business','578.00','non-refundable'),
 ('1063','business','653.00','refundable'),
 ('1063','coach','297.00','non-refundable'),
 ('1063','coach','347.00','refundable'),
 ('1063','first_class','900.00','non-refundable'),
 ('1063','first_class','1000.00','refundable'),
 ('107','business','541.00','non-refundable'),
 ('107','business','616.00','refundable'),
 ('107','coach','220.00','non-refundable'),
 ('107','coach','270.00','refundable'),
 ('107','first_class','890.00','non-refundable'),
 ('107','first_class','990.00','refundable'),
 ('1077','business','597.00','non-refundable'),
 ('1077','business','672.00','refundable'),
 ('1077','coach','269.00','non-refundable'),
 ('1077','coach','319.00','refundable'),
 ('1077','first_class','956.00','non-refundable'),
 ('1077','first_class','1056.00','refundable'),
 ('1078','business','603.00','non-refundable'),
 ('1078','business','678.00','refundable'),
 ('1078','coach','309.00','non-refundable'),
 ('1078','coach','359.00','refundable'),
 ('1078','first_class','965.00','non-refundable'),
 ('1078','first_class','1065.00','refundable'),
 ('1080','business','658.00','non-refundable'),
 ('1080','business','733.00','refundable'),
 ('1080','coach','223.00','non-refundable'),
 ('1080','coach','273.00','refundable'),
 ('1080','first_class','967.00','non-refundable'),
 ('1080','first_class','1067.00','refundable'),
 ('1086','business','508.00','non-refundable'),
 ('1086','business','583.00','refundable'),
 ('1086','coach','362.00','non-refundable'),
 ('1086','coach','412.00','refundable'),
 ('1086','first_class','966.00','non-refundable'),
 ('1086','first_class','1066.00','refundable'),
 ('1088','business','571.00','non-refundable'),
 ('1088','business','646.00','refundable'),
 ('1088','coach','291.00','non-refundable'),
 ('1088','coach','341.00','refundable'),
 ('1088','first_class','991.00','non-refundable'),
 ('1088','first_class','1091.00','refundable'),
 ('1093','business','697.00','non-refundable'),
 ('1093','business','772.00','refundable'),
 ('1093','coach','395.00','non-refundable'),
 ('1093','coach','445.00','refundable'),
 ('1093','first_class','929.00','non-refundable'),
 ('1093','first_class','1029.00','refundable'),
 ('1094','business','678.00','non-refundable'),
 ('1094','business','753.00','refundable'),
 ('1094','coach','396.00','non-refundable'),
 ('1094','coach','446.00','refundable'),
 ('1094','first_class','924.00','non-refundable'),
 ('1094','first_class','1024.00','refundable'),
 ('1095','business','657.00','non-refundable'),
 ('1095','business','732.00','refundable'),
 ('1095','coach','343.00','non-refundable'),
 ('1095','coach','393.00','refundable'),
 ('1095','first_class','853.00','non-refundable'),
 ('1095','first_class','953.00','refundable'),
 ('1096','business','662.00','non-refundable'),
 ('1096','business','737.00','refundable'),
 ('1096','coach','227.00','non-refundable'),
 ('1096','coach','277.00','refundable'),
 ('1096','first_class','963.00','non-refundable'),
 ('1096','first_class','1063.00','refundable'),
 ('1100','business','509.00','non-refundable'),
 ('1100','business','584.00','refundable'),
 ('1100','coach','325.00','non-refundable'),
 ('1100','coach','375.00','refundable'),
 ('1100','first_class','934.00','non-refundable'),
 ('1100','first_class','1034.00','refundable'),
 ('1102','business','584.00','non-refundable'),
 ('1102','business','659.00','refundable'),
 ('1102','coach','208.00','non-refundable'),
 ('1102','coach','258.00','refundable'),
 ('1102','first_class','979.00','non-refundable'),
 ('1102','first_class','1079.00','refundable'),
 ('1104','business','651.00','non-refundable'),
 ('1104','business','726.00','refundable'),
 ('1104','coach','327.00','non-refundable'),
 ('1104','coach','377.00','refundable'),
 ('1104','first_class','961.00','non-refundable'),
 ('1104','first_class','1061.00','refundable'),
 ('1106','business','618.00','non-refundable'),
 ('1106','business','693.00','refundable'),
 ('1106','coach','274.00','non-refundable'),
 ('1106','coach','324.00','refundable'),
 ('1106','first_class','981.00','non-refundable'),
 ('1106','first_class','1081.00','refundable'),
 ('1108','business','529.00','non-refundable'),
 ('1108','business','604.00','refundable'),
 ('1108','coach','316.00','non-refundable'),
 ('1108','coach','366.00','refundable'),
 ('1108','first_class','835.00','non-refundable'),
 ('1108','first_class','935.00','refundable'),
 ('111','business','520.00','non-refundable'),
 ('111','business','595.00','refundable'),
 ('111','coach','304.00','non-refundable'),
 ('111','coach','354.00','refundable'),
 ('111','first_class','804.00','non-refundable'),
 ('111','first_class','904.00','refundable'),
 ('1110','business','635.00','non-refundable'),
 ('1110','business','710.00','refundable'),
 ('1110','coach','292.00','non-refundable'),
 ('1110','coach','342.00','refundable'),
 ('1110','first_class','950.00','non-refundable'),
 ('1110','first_class','1050.00','refundable'),
 ('1111','business','627.00','non-refundable'),
 ('1111','business','702.00','refundable'),
 ('1111','coach','204.00','non-refundable'),
 ('1111','coach','254.00','refundable'),
 ('1111','first_class','842.00','non-refundable'),
 ('1111','first_class','942.00','refundable'),
 ('1113','business','606.00','non-refundable'),
 ('1113','business','681.00','refundable'),
 ('1113','coach','249.00','non-refundable'),
 ('1113','coach','299.00','refundable'),
 ('1113','first_class','873.00','non-refundable'),
 ('1113','first_class','973.00','refundable'),
 ('1115','business','623.00','non-refundable'),
 ('1115','business','698.00','refundable'),
 ('1115','coach','332.00','non-refundable'),
 ('1115','coach','382.00','refundable'),
 ('1115','first_class','956.00','non-refundable'),
 ('1115','first_class','1056.00','refundable'),
 ('1127','business','535.00','non-refundable'),
 ('1127','business','610.00','refundable'),
 ('1127','coach','201.00','non-refundable'),
 ('1127','coach','251.00','refundable'),
 ('1127','first_class','938.00','non-refundable'),
 ('1127','first_class','1038.00','refundable'),
 ('1128','business','679.00','non-refundable'),
 ('1128','business','754.00','refundable'),
 ('1128','coach','224.00','non-refundable'),
 ('1128','coach','274.00','refundable'),
 ('1128','first_class','821.00','non-refundable'),
 ('1128','first_class','921.00','refundable'),
 ('1129','business','634.00','non-refundable'),
 ('1129','business','709.00','refundable'),
 ('1129','coach','352.00','non-refundable'),
 ('1129','coach','402.00','refundable'),
 ('1129','first_class','867.00','non-refundable'),
 ('1129','first_class','967.00','refundable'),
 ('1135','business','560.00','non-refundable'),
 ('1135','business','635.00','refundable'),
 ('1135','coach','368.00','non-refundable'),
 ('1135','coach','418.00','refundable'),
 ('1135','first_class','994.00','non-refundable'),
 ('1135','first_class','1094.00','refundable'),
 ('1142','business','518.00','non-refundable'),
 ('1142','business','593.00','refundable'),
 ('1142','coach','292.00','non-refundable'),
 ('1142','coach','342.00','refundable'),
 ('1142','first_class','933.00','non-refundable'),
 ('1142','first_class','1033.00','refundable'),
 ('1148','business','582.00','non-refundable'),
 ('1148','business','657.00','refundable'),
 ('1148','coach','344.00','non-refundable'),
 ('1148','coach','394.00','refundable'),
 ('1148','first_class','866.00','non-refundable'),
 ('1148','first_class','966.00','refundable'),
 ('1150','business','629.00','non-refundable'),
 ('1150','business','704.00','refundable'),
 ('1150','coach','310.00','non-refundable'),
 ('1150','coach','360.00','refundable'),
 ('1150','first_class','832.00','non-refundable'),
 ('1150','first_class','932.00','refundable'),
 ('1157','business','624.00','non-refundable'),
 ('1157','business','699.00','refundable'),
 ('1157','coach','228.00','non-refundable'),
 ('1157','coach','278.00','refundable'),
 ('1157','first_class','908.00','non-refundable'),
 ('1157','first_class','1008.00','refundable'),
 ('1159','business','600.00','non-refundable'),
 ('1159','business','675.00','refundable'),
 ('1159','coach','207.00','non-refundable'),
 ('1159','coach','257.00','refundable'),
 ('1159','first_class','977.00','non-refundable'),
 ('1159','first_class','1077.00','refundable'),
 ('1161','business','699.00','non-refundable'),
 ('1161','business','774.00','refundable'),
 ('1161','coach','243.00','non-refundable'),
 ('1161','coach','293.00','refundable'),
 ('1161','first_class','941.00','non-refundable'),
 ('1161','first_class','1041.00','refundable'),
 ('1162','business','586.00','non-refundable'),
 ('1162','business','661.00','refundable'),
 ('1162','coach','357.00','non-refundable'),
 ('1162','coach','407.00','refundable'),
 ('1162','first_class','903.00','non-refundable'),
 ('1162','first_class','1003.00','refundable'),
 ('1163','business','624.00','non-refundable'),
 ('1163','business','699.00','refundable'),
 ('1163','coach','204.00','non-refundable'),
 ('1163','coach','254.00','refundable'),
 ('1163','first_class','999.00','non-refundable'),
 ('1163','first_class','1099.00','refundable'),
 ('1164','business','660.00','non-refundable'),
 ('1164','business','735.00','refundable'),
 ('1164','coach','280.00','non-refundable'),
 ('1164','coach','330.00','refundable'),
 ('3356','business','509.00','non-refundable');
/*!40000 ALTER TABLE `fare` ENABLE KEYS */;


--
-- Definition of table `flight`
--

DROP TABLE IF EXISTS `flight`;
CREATE TABLE `flight` (
  `flight_number` varchar(4) NOT NULL DEFAULT '',
  `airline` varchar(2) NOT NULL,
  `weekdays` varchar(30) NOT NULL,
  `departure_airport_code` varchar(3) DEFAULT NULL,
  `departure_time` time NOT NULL,
  `arrival_airport_code` varchar(3) DEFAULT NULL,
  `arrival_time` time NOT NULL,
  PRIMARY KEY (`flight_number`)
) ENGINE=InnoDB DEFAULT CHARSET=latin1;

--
-- Dumping data for table `flight`
--

/*!40000 ALTER TABLE `flight` DISABLE KEYS */;
INSERT INTO `flight` (`flight_number`,`airline`,`weekdays`,`departure_airport_code`,`departure_time`,`arrival_airport_code`,`arrival_time`) VALUES 
 ('3356','US','Sun_Mon_Tue_Wed_Thu_Fri_Sat','AUS','18:33:00','ORD','21:52:00'),
 ('3357','US','Sun_Mon_Tue_Wed_Thu_Fri_Sat','JFK','18:48:00','MIA','21:37:00'),
 ('3359','WN','Sun_Mon_Tue_Wed_Thu_Fri_Sat','DEN','06:11:00','HOU','09:15:00'),
 ('3360','DL','Sun_Mon_Tue_Wed_Thu_Fri_Sat','ATL','18:06:00','BWI','20:03:00'),
 ('3362','US','Sun_Mon_Tue_Wed_Thu_Fri_Sat','DFW','18:44:00','CLE','22:10:00'),
 ('3363','UA','Mon_Wed_Thu_Fri','BWI','12:34:00','DEN','14:14:00'),
 ('3364','AA','Mon_Wed_Thu_Fri','SFO','11:51:00','DFW','14:25:00'),
 ('3365','B6','Sun_Mon_Tue_Wed_Thu_Fri_Sat','PDX','06:29:00','JFK','09:51:00'),
 ('3366','WN','Mon_Wed_Thu_Fri','TPA','12:46:00','HOU','14:36:00'),
 ('3372','US','Mon_Wed_Thu_Fri','SEA','11:32:00','DFW','14:31:00'),
 ('3374','WN','Sun_Mon_Tue_Wed_Thu_Fri_Sat','PHX','17:05:00','DEN','20:33:00'),
 ('3380','US','Sun_Mon_Tue_Wed_Thu_Fri_Sat','OAK','07:38:00','PHX','10:12:00'),
 ('3383','AA','Sun_Mon_Tue_Wed_Thu_Fri_Sat','PHX','07:03:00','TPA','08:57:00'),
 ('3385','AA','Mon_Wed_Thu_Fri','PHX','12:33:00','OAK','14:21:00'),
 ('3386','UA','Mon_Wed_Thu_Fri','SEA','12:59:00','LAX','14:55:00'),
 ('3388','UA','Mon_Wed_Thu_Fri','DFW','12:00:00','SFO','14:01:00'),
 ('3390','WN','Mon_Wed_Thu_Fri','AUS','12:53:00','PHX','15:04:00'),
 ('3393','US','Sun_Mon_Tue_Wed_Thu_Fri_Sat','SFO','18:43:00','ORD','21:51:00'),
 ('3394','AA','Mon_Wed_Thu_Fri','DFW','12:26:00','PHX','15:21:00'),
 ('3395','DL','Sun_Mon_Tue_Wed_Thu_Fri_Sat','ORD','07:23:00','LGA','09:23:00'),
 ('3397','US','Mon_Wed_Thu_Fri','ORD','12:35:00','DFW','15:54:00'),
 ('340','US','Sun_Mon_Tue_Wed_Thu_Fri_Sat','AUS','18:54:00','PHX','21:56:00'),
 ('3400','US','Sun_Mon_Tue_Wed_Thu_Fri_Sat','BOS','17:01:00','DCA','18:58:00'),
 ('3408','US','Sun_Mon_Tue_Wed_Thu_Fri_Sat','DFW','18:56:00','ATL','22:23:00'),
 ('3410','DL','Sun_Mon_Tue_Wed_Thu_Fri_Sat','ATL','18:29:00','DFW','20:37:00'),
 ('3418','US','Sun_Mon_Tue_Wed_Thu_Fri_Sat','MIA','07:07:00','BWI','09:31:00'),
 ('3421','DL','Sun_Mon_Tue_Wed_Thu_Fri_Sat','ORD','17:58:00','JFK','20:08:00'),
 ('3423','DL','Mon_Wed_Thu_Fri','DFW','12:28:00','ATL','15:16:00'),
 ('3424','AA','Sun_Mon_Tue_Wed_Thu_Fri_Sat','JFK','17:59:00','SEA','20:02:00'),
 ('3427','US','Sun_Mon_Tue_Wed_Thu_Fri_Sat','AUS','06:19:00','DFW','08:27:00'),
 ('3428','AA','Sun_Mon_Tue_Wed_Thu_Fri_Sat','PHX','07:35:00','AUS','10:33:00'),
 ('3429','AA','Sun_Mon_Tue_Wed_Thu_Fri_Sat','DFW','06:06:00','BOS','08:35:00'),
 ('3434','WN','Sun_Mon_Tue_Wed_Thu_Fri_Sat','SFO','17:01:00','ATL','19:18:00'),
 ('3437','WN','Mon_Wed_Thu_Fri','PHX','11:25:00','AUS','14:35:00'),
 ('3438','UA','Sun_Mon_Tue_Wed_Thu_Fri_Sat','CLE','07:46:00','PHX','10:43:00'),
 ('3439','WN','Mon_Wed_Thu_Fri','MCI','11:11:00','DCA','14:08:00'),
 ('3441','AA','Sun_Mon_Tue_Wed_Thu_Fri_Sat','TPA','06:35:00','DCA','09:45:00'),
 ('3442','WN','Mon_Wed_Thu_Fri','SAN','12:40:00','DEN','15:56:00'),
 ('3447','AA','Mon_Wed_Thu_Fri','SEA','12:34:00','DFW','14:53:00'),
 ('3448','UA','Sun_Mon_Tue_Wed_Thu_Fri_Sat','STL','18:01:00','SFO','21:29:00'),
 ('3450','US','Sun_Mon_Tue_Wed_Thu_Fri_Sat','CLE','17:09:00','MIA','19:24:00'),
 ('3464','UA','Mon_Wed_Thu_Fri','LAX','12:01:00','BOS','14:37:00'),
 ('3466','AA','Sun_Mon_Tue_Wed_Thu_Fri_Sat','ORD','06:40:00','BWI','08:52:00'),
 ('3469','UA','Sun_Mon_Tue_Wed_Thu_Fri_Sat','DEN','07:37:00','MCI','09:57:00'),
 ('347','WN','Sun_Mon_Tue_Wed_Thu_Fri_Sat','AUS','18:55:00','DEN','21:50:00'),
 ('3475','DL','Sun_Mon_Tue_Wed_Thu_Fri_Sat','CLE','17:04:00','ATL','20:15:00'),
 ('3476','AA','Sun_Mon_Tue_Wed_Thu_Fri_Sat','ORD','07:46:00','SAN','10:58:00'),
 ('3478','US','Mon_Wed_Thu_Fri','STL','11:29:00','LGA','13:24:00'),
 ('3484','UA','Sun_Mon_Tue_Wed_Thu_Fri_Sat','PHX','07:19:00','DEN','09:36:00'),
 ('3488','AA','Mon_Wed_Thu_Fri','DFW','12:01:00','ATL','15:00:00'),
 ('3493','AA','Mon_Wed_Thu_Fri','ORD','11:20:00','BOS','14:04:00'),
 ('3496','AA','Mon_Wed_Thu_Fri','PHX','12:10:00','STL','15:32:00'),
 ('3498','US','Sun_Mon_Tue_Wed_Thu_Fri_Sat','DFW','18:34:00','SAN','20:14:00'),
 ('3499','WN','Sun_Mon_Tue_Wed_Thu_Fri_Sat','TPA','06:16:00','DEN','09:19:00'),
 ('35','WN','Sun_Mon_Tue_Wed_Thu_Fri_Sat','SFO','18:15:00','DEN','19:58:00'),
 ('3502','DL','Mon_Wed_Thu_Fri','LGA','12:48:00','DEN','14:46:00'),
 ('3505','US','Sun_Mon_Tue_Wed_Thu_Fri_Sat','BWI','06:23:00','JFK','08:46:00'),
 ('3508','UA','Mon_Wed_Thu_Fri','LAX','11:49:00','PDX','14:56:00'),
 ('3513','US','Mon_Wed_Thu_Fri','MIA','11:38:00','DEN','14:04:00'),
 ('3515','AA','Mon_Wed_Thu_Fri','BWI','12:09:00','DFW','15:33:00'),
 ('3517','US','Sun_Mon_Tue_Wed_Thu_Fri_Sat','ORD','17:50:00','STL','20:13:00'),
 ('3522','DL','Sun_Mon_Tue_Wed_Thu_Fri_Sat','LAS','06:10:00','ATL','08:06:00'),
 ('3524','US','Sun_Mon_Tue_Wed_Thu_Fri_Sat','DFW','06:25:00','ATL','09:52:00'),
 ('3526','AA','Sun_Mon_Tue_Wed_Thu_Fri_Sat','STL','18:33:00','SEA','20:59:00'),
 ('3527','US','Sun_Mon_Tue_Wed_Thu_Fri_Sat','DEN','18:30:00','ORD','20:57:00'),
 ('3528','WN','Mon_Wed_Thu_Fri','SFO','11:35:00','PHX','14:53:00'),
 ('3529','US','Sun_Mon_Tue_Wed_Thu_Fri_Sat','DCA','18:22:00','PHX','21:23:00'),
 ('3531','US','Sun_Mon_Tue_Wed_Thu_Fri_Sat','DFW','17:36:00','STL','20:24:00'),
 ('3532','WN','Sun_Mon_Tue_Wed_Thu_Fri_Sat','MCI','06:39:00','PHX','08:54:00'),
 ('3534','WN','Sun_Mon_Tue_Wed_Thu_Fri_Sat','BWI','06:13:00','AUS','09:25:00'),
 ('3536','B6','Sun_Mon_Tue_Wed_Thu_Fri_Sat','SFO','17:34:00','BOS','20:41:00'),
 ('3538','US','Mon_Wed_Thu_Fri','SFO','11:36:00','LAX','13:32:00'),
 ('3539','AA','Mon_Wed_Thu_Fri','JFK','11:01:00','DCA','12:54:00'),
 ('354','UA','Mon_Wed_Thu_Fri','ORD','11:58:00','PDX','14:01:00'),
 ('3541','AA','Sun_Mon_Tue_Wed_Thu_Fri_Sat','STL','17:28:00','LAX','19:56:00'),
 ('3542','AA','Mon_Wed_Thu_Fri','PHX','12:48:00','ATL','15:56:00'),
 ('3543','WN','Mon_Wed_Thu_Fri','HOU','11:40:00','DEN','13:26:00'),
 ('3553','DL','Sun_Mon_Tue_Wed_Thu_Fri_Sat','SAN','18:46:00','LAX','21:15:00'),
 ('3555','UA','Sun_Mon_Tue_Wed_Thu_Fri_Sat','PHX','18:08:00','ORD','21:28:00'),
 ('3558','AA','Sun_Mon_Tue_Wed_Thu_Fri_Sat','CLE','18:34:00','PHL','20:59:00'),
 ('356','UA','Mon_Wed_Thu_Fri','BOS','12:13:00','CLE','14:23:00'),
 ('3562','US','Sun_Mon_Tue_Wed_Thu_Fri_Sat','BOS','07:51:00','PHX','09:59:00'),
 ('3567','AA','Sun_Mon_Tue_Wed_Thu_Fri_Sat','MCI','07:34:00','DCA','10:32:00'),
 ('3573','AA','Sun_Mon_Tue_Wed_Thu_Fri_Sat','JFK','18:42:00','LAS','21:32:00'),
 ('3578','B6','Sun_Mon_Tue_Wed_Thu_Fri_Sat','BOS','17:18:00','PDX','19:15:00'),
 ('3583','WN','Mon_Wed_Thu_Fri','PDX','11:04:00','LAS','13:16:00'),
 ('3585','WN','Mon_Wed_Thu_Fri','AUS','12:31:00','SAN','14:14:00'),
 ('3586','UA','Sun_Mon_Tue_Wed_Thu_Fri_Sat','LAX','17:33:00','SFO','20:26:00'),
 ('3587','UA','Sun_Mon_Tue_Wed_Thu_Fri_Sat','DEN','07:47:00','LAX','10:33:00'),
 ('3590','DL','Sun_Mon_Tue_Wed_Thu_Fri_Sat','LAX','07:46:00','OAK','10:11:00'),
 ('3592','US','Sun_Mon_Tue_Wed_Thu_Fri_Sat','PHX','18:54:00','BOS','22:04:00'),
 ('3596','AA','Sun_Mon_Tue_Wed_Thu_Fri_Sat','LAX','17:50:00','JFK','19:31:00'),
 ('3598','UA','Sun_Mon_Tue_Wed_Thu_Fri_Sat','CLE','06:30:00','LAX','09:59:00'),
 ('3602','US','Sun_Mon_Tue_Wed_Thu_Fri_Sat','JFK','06:12:00','MIA','09:01:00'),
 ('3606','AA','Sun_Mon_Tue_Wed_Thu_Fri_Sat','DEN','06:31:00','LAX','08:50:00'),
 ('3609','AA','Sun_Mon_Tue_Wed_Thu_Fri_Sat','MCI','17:08:00','ORD','19:19:00'),
 ('3610','B6','Sun_Mon_Tue_Wed_Thu_Fri_Sat','SEA','07:36:00','JFK','09:50:00'),
 ('3611','AA','Sun_Mon_Tue_Wed_Thu_Fri_Sat','PHL','06:19:00','MIA','08:26:00'),
 ('3614','WN','Mon_Wed_Thu_Fri','DCA','12:09:00','MCI','13:57:00'),
 ('3615','UA','Sun_Mon_Tue_Wed_Thu_Fri_Sat','DEN','07:06:00','DCA','10:17:00'),
 ('3616','US','Sun_Mon_Tue_Wed_Thu_Fri_Sat','MIA','17:16:00','ATL','19:31:00'),
 ('3627','WN','Mon_Wed_Thu_Fri','OAK','11:04:00','DEN','13:03:00'),
 ('3628','AA','Mon_Wed_Thu_Fri','PDX','12:07:00','SFO','14:51:00'),
 ('3629','US','Sun_Mon_Tue_Wed_Thu_Fri_Sat','STL','17:51:00','DCA','20:49:00'),
 ('3630','DL','Sun_Mon_Tue_Wed_Thu_Fri_Sat','LAX','18:59:00','BOS','21:04:00'),
 ('3632','AA','Mon_Wed_Thu_Fri','PHX','11:14:00','AUS','14:12:00'),
 ('3634','WN','Sun_Mon_Tue_Wed_Thu_Fri_Sat','LAS','07:22:00','PHX','10:18:00'),
 ('3637','AA','Sun_Mon_Tue_Wed_Thu_Fri_Sat','PHL','18:15:00','STL','20:56:00'),
 ('3638','UA','Mon_Wed_Thu_Fri','PDX','11:51:00','ORD','14:33:00'),
 ('3639','US','Sun_Mon_Tue_Wed_Thu_Fri_Sat','TPA','17:58:00','JFK','19:39:00'),
 ('3646','US','Sun_Mon_Tue_Wed_Thu_Fri_Sat','DFW','06:37:00','SAN','08:17:00'),
 ('3648','UA','Sun_Mon_Tue_Wed_Thu_Fri_Sat','LAS','06:05:00','LAX','09:11:00'),
 ('3650','UA','Mon_Wed_Thu_Fri','PHX','12:41:00','ORD','16:01:00'),
 ('3656','AA','Sun_Mon_Tue_Wed_Thu_Fri_Sat','LAX','06:34:00','AUS','08:52:00'),
 ('3658','AA','Sun_Mon_Tue_Wed_Thu_Fri_Sat','PHX','06:30:00','SEA','08:30:00'),
 ('3661','WN','Sun_Mon_Tue_Wed_Thu_Fri_Sat','PHX','17:03:00','TPA','20:02:00'),
 ('3668','US','Sun_Mon_Tue_Wed_Thu_Fri_Sat','JFK','17:43:00','BWI','20:09:00'),
 ('3672','UA','Mon_Wed_Thu_Fri','DFW','12:05:00','DEN','14:03:00'),
 ('3674','AA','Sun_Mon_Tue_Wed_Thu_Fri_Sat','PHL','18:25:00','LGA','20:24:00'),
 ('3676','AA','Mon_Wed_Thu_Fri','LAS','11:30:00','MIA','14:46:00'),
 ('3678','US','Mon_Wed_Thu_Fri','PHL','12:53:00','DEN','15:33:00'),
 ('3679','WN','Sun_Mon_Tue_Wed_Thu_Fri_Sat','DEN','07:55:00','SAN','10:54:00'),
 ('368','WN','Sun_Mon_Tue_Wed_Thu_Fri_Sat','ATL','07:03:00','BWI','08:47:00'),
 ('3695','AA','Mon_Wed_Thu_Fri','BOS','11:49:00','PDX','14:15:00'),
 ('3696','US','Sun_Mon_Tue_Wed_Thu_Fri_Sat','PHL','07:31:00','SEA','10:18:00'),
 ('3697','US','Sun_Mon_Tue_Wed_Thu_Fri_Sat','TPA','06:16:00','PHX','08:22:00'),
 ('3698','UA','Sun_Mon_Tue_Wed_Thu_Fri_Sat','CLE','18:43:00','LAX','22:12:00'),
 ('3699','UA','Sun_Mon_Tue_Wed_Thu_Fri_Sat','CLE','07:28:00','AUS','09:28:00'),
 ('3701','B6','Sun_Mon_Tue_Wed_Thu_Fri_Sat','LAS','07:27:00','BOS','10:33:00'),
 ('3702','AA','Mon_Wed_Thu_Fri','OAK','12:03:00','PHX','15:20:00'),
 ('371','WN','Mon_Wed_Thu_Fri','AUS','12:55:00','DEN','15:50:00'),
 ('3712','UA','Sun_Mon_Tue_Wed_Thu_Fri_Sat','TPA','06:00:00','ORD','07:47:00'),
 ('3714','AA','Sun_Mon_Tue_Wed_Thu_Fri_Sat','PHX','18:41:00','ATL','21:49:00'),
 ('372','AA','Sun_Mon_Tue_Wed_Thu_Fri_Sat','ORD','07:06:00','LAX','09:14:00'),
 ('3722','US','Sun_Mon_Tue_Wed_Thu_Fri_Sat','SAN','18:33:00','PHL','20:19:00'),
 ('3725','US','Mon_Wed_Thu_Fri','LAX','12:32:00','BOS','15:11:00'),
 ('3728','AA','Sun_Mon_Tue_Wed_Thu_Fri_Sat','DCA','07:17:00','TPA','09:02:00'),
 ('3732','UA','Sun_Mon_Tue_Wed_Thu_Fri_Sat','CLE','17:05:00','BWI','19:25:00'),
 ('3735','WN','Sun_Mon_Tue_Wed_Thu_Fri_Sat','BWI','07:59:00','ATL','10:14:00'),
 ('3738','UA','Sun_Mon_Tue_Wed_Thu_Fri_Sat','SFO','17:26:00','PHX','20:17:00'),
 ('3741','DL','Mon_Wed_Thu_Fri','DCA','12:36:00','LGA','16:02:00'),
 ('3743','AA','Sun_Mon_Tue_Wed_Thu_Fri_Sat','DCA','06:14:00','DFW','09:26:00'),
 ('3744','US','Sun_Mon_Tue_Wed_Thu_Fri_Sat','DEN','18:06:00','DFW','20:54:00'),
 ('3745','US','Sun_Mon_Tue_Wed_Thu_Fri_Sat','PHL','07:11:00','LGA','10:09:00'),
 ('3747','AA','Sun_Mon_Tue_Wed_Thu_Fri_Sat','PHL','18:00:00','SAN','21:29:00'),
 ('3748','DL','Mon_Wed_Thu_Fri','LAX','12:11:00','PDX','14:17:00'),
 ('3749','US','Mon_Wed_Thu_Fri','DFW','11:51:00','TPA','14:55:00'),
 ('3752','US','Sun_Mon_Tue_Wed_Thu_Fri_Sat','PHX','06:37:00','DFW','08:56:00'),
 ('3753','UA','Sun_Mon_Tue_Wed_Thu_Fri_Sat','LAS','18:42:00','DEN','21:37:00'),
 ('3754','WN','Sun_Mon_Tue_Wed_Thu_Fri_Sat','SAN','17:30:00','LAS','20:45:00'),
 ('3756','UA','Mon_Wed_Thu_Fri','BWI','12:15:00','CLE','13:56:00'),
 ('3762','AA','Sun_Mon_Tue_Wed_Thu_Fri_Sat','MCI','06:56:00','DFW','10:08:00'),
 ('3763','DL','Sun_Mon_Tue_Wed_Thu_Fri_Sat','LGA','17:37:00','ATL','20:29:00'),
 ('3765','WN','Mon_Wed_Thu_Fri','LAX','11:06:00','LAS','12:52:00'),
 ('3766','AA','Sun_Mon_Tue_Wed_Thu_Fri_Sat','LAS','17:25:00','ORD','20:45:00'),
 ('3768','AA','Sun_Mon_Tue_Wed_Thu_Fri_Sat','MCI','07:07:00','SEA','08:58:00'),
 ('3769','US','Mon_Wed_Thu_Fri','MCI','12:48:00','DFW','14:51:00'),
 ('377','AA','Mon_Wed_Thu_Fri','LAX','12:20:00','PHL','15:04:00'),
 ('3770','UA','Sun_Mon_Tue_Wed_Thu_Fri_Sat','STL','18:46:00','DEN','21:42:00'),
 ('3774','B6','Sun_Mon_Tue_Wed_Thu_Fri_Sat','SFO','06:52:00','AUS','10:03:00'),
 ('3779','US','Sun_Mon_Tue_Wed_Thu_Fri_Sat','DFW','07:37:00','ORD','11:04:00'),
 ('3782','US','Mon_Wed_Thu_Fri','BOS','12:10:00','DFW','14:21:00'),
 ('3783','DL','Mon_Wed_Thu_Fri','LGA','11:50:00','MIA','14:58:00'),
 ('3788','WN','Sun_Mon_Tue_Wed_Thu_Fri_Sat','DEN','06:54:00','LGA','09:59:00'),
 ('3796','DL','Sun_Mon_Tue_Wed_Thu_Fri_Sat','LGA','17:17:00','MIA','20:25:00'),
 ('3798','UA','Mon_Wed_Thu_Fri','ORD','12:50:00','TPA','15:20:00'),
 ('3804','WN','Sun_Mon_Tue_Wed_Thu_Fri_Sat','OAK','17:46:00','LAX','20:16:00'),
 ('381','DL','Sun_Mon_Tue_Wed_Thu_Fri_Sat','JFK','06:51:00','SEA','09:35:00'),
 ('3812','US','Sun_Mon_Tue_Wed_Thu_Fri_Sat','MCI','18:09:00','ORD','20:46:00'),
 ('3813','AA','Sun_Mon_Tue_Wed_Thu_Fri_Sat','PHX','17:18:00','AUS','20:16:00'),
 ('3816','AA','Sun_Mon_Tue_Wed_Thu_Fri_Sat','PHL','06:24:00','CLE','08:38:00'),
 ('3824','US','Sun_Mon_Tue_Wed_Thu_Fri_Sat','JFK','17:22:00','LAS','19:17:00'),
 ('3826','DL','Sun_Mon_Tue_Wed_Thu_Fri_Sat','LGA','06:43:00','DFW','09:06:00'),
 ('3837','US','Mon_Wed_Thu_Fri','LAX','11:12:00','DEN','12:58:00'),
 ('3839','UA','Mon_Wed_Thu_Fri','LGA','11:54:00','CLE','14:24:00'),
 ('3842','AA','Sun_Mon_Tue_Wed_Thu_Fri_Sat','STL','17:39:00','PHL','20:46:00'),
 ('3845','AA','Sun_Mon_Tue_Wed_Thu_Fri_Sat','LAX','06:05:00','DFW','09:17:00'),
 ('3846','AA','Sun_Mon_Tue_Wed_Thu_Fri_Sat','MIA','06:43:00','SEA','08:50:00'),
 ('3847','US','Sun_Mon_Tue_Wed_Thu_Fri_Sat','PHL','06:10:00','DFW','09:06:00'),
 ('3852','WN','Mon_Wed_Thu_Fri','LAX','11:22:00','STL','13:37:00'),
 ('3854','AA','Mon_Wed_Thu_Fri','PHX','11:41:00','LAX','14:53:00'),
 ('3858','AA','Sun_Mon_Tue_Wed_Thu_Fri_Sat','DCA','06:57:00','SAN','08:39:00'),
 ('3860','UA','Mon_Wed_Thu_Fri','LAS','11:17:00','ORD','14:20:00'),
 ('3864','AA','Mon_Wed_Thu_Fri','ORD','12:14:00','SFO','14:34:00');
/*!40000 ALTER TABLE `flight` ENABLE KEYS */;


--
-- Definition of table `userdata`
--

DROP TABLE IF EXISTS `userdata`;
CREATE TABLE `userdata` (
  `id` int(10) unsigned NOT NULL AUTO_INCREMENT,
  `firstname` varchar(45) NOT NULL,
  `lastname` varchar(45) NOT NULL,
  `username` varchar(45) NOT NULL,
  `password` varchar(45) NOT NULL,
  `email` varchar(100) NOT NULL,
  `contact` varchar(45) NOT NULL,
  PRIMARY KEY (`id`)
) ENGINE=InnoDB AUTO_INCREMENT=8 DEFAULT CHARSET=latin1;

--
-- Dumping data for table `userdata`
--

/*!40000 ALTER TABLE `userdata` DISABLE KEYS */;
INSERT INTO `userdata` (`id`,`firstname`,`lastname`,`username`,`password`,`email`,`contact`) VALUES 
 (1,'Vishal','Kawade','vish','vish@123','vishalkawade17@gmail.com','9764501079'),
 (2,'Sharad','Gawade','sharad','sharad@123','sharad@gmail.com','9158452147'),
 (3,'Nilesh','Aher','nil','nil123','nileshaher31@gmail.com','9139853527'),
 (4,'Pravin','Kawade','pravin','pravin@123','pravin@gmail.com','9021307944'),
 (5,'Ritesh','Gaurkhede','ritesh','r123','ritesh@gmail.com','9139853526'),
 (6,'Ritesh','Gaurkhede','ritesh','r123','ritesh@gmail.com','9139853526'),
 (7,'Yogesh','Aher','yogubaba','yogesh','nileshaher31@gmail.com','9139853526');
/*!40000 ALTER TABLE `userdata` ENABLE KEYS */;




/*!40101 SET SQL_MODE=@OLD_SQL_MODE */;
/*!40014 SET FOREIGN_KEY_CHECKS=@OLD_FOREIGN_KEY_CHECKS */;
/*!40014 SET UNIQUE_CHECKS=@OLD_UNIQUE_CHECKS */;
/*!40101 SET CHARACTER_SET_CLIENT=@OLD_CHARACTER_SET_CLIENT */;
/*!40101 SET CHARACTER_SET_RESULTS=@OLD_CHARACTER_SET_RESULTS */;
/*!40101 SET COLLATION_CONNECTION=@OLD_COLLATION_CONNECTION */;
/*!40101 SET CHARACTER_SET_CLIENT=@OLD_CHARACTER_SET_CLIENT */;
